{"sum": 638485.0, "avr": 552.3226643598616, "sumMD": 17744.0, "avrMD": 521.8823529411765, "sumSD": 20291.0, "avrSD": 596.7941176470588, "max": 998.0, "min": 100.0}